{"precision_rfc": 0.9883168416317973, "recall_rfc": 0.7142749647183844}